{
  "pqrs": [
    {
      "id": "l45n",
      "type": "Sugerencia",
      "email": "admin@Outlet.com",
      "message": "Lorem ipsum dolor sit, amet consectetur adipisicing elit. Maxime modi animi nesciunt, quas a hic dolore sunt, iste atque sapiente quaerat blanditiis quia."
    }
  ],
  "admins": [
    {
      "name": "Admin",
      "email": "admin@Outlet.com",
      "id": "ff15",
      "password": "password"
    },
    {
      "id": "a5fb",
      "name": "Juan",
      "email": "juan@gmail.com"
    }
  ],
  "brands": [
    {
      "logo": "https://i.ibb.co/j4LGSpH/totto-medellin.jpg",
      "name": "Totto",
      "local": "100",
      "floor": "2",
      "schedule": "                        Lunes - sábado: 10:00 a.m. -7:00 p.m, Domindos y festivos: 10:00 a.m. - 6:00p.m                ",
      "website": "https://www.co.totto.com/",
      "id": "ff16"
    },
    {
      "logo": "https://i.ibb.co/gjH38M0/logo-branchos-1.jpg",
      "name": "Branchos",
      "local": "125",
      "floor": "1",
      "schedule": "Lunes - sábado: 10:00 a.m. -7:00 p.m",
      "website": "https://www.co.branchos.com/",
      "id": "2947"
    },
    {
      "id": "6154",
      "logo": "https://i.ibb.co/JqSrNN7/logo-contrate.jpg",
      "name": "Contrate",
      "local": "103",
      "floor": "2",
      "schedule": "Lunes - sábado: 10:00 a.m. -7:00 p.",
      "website": "https://www.co.contrate.com"
    },
    {
      "id": "ac96",
      "logo": "https://i.ibb.co/52s9xfz/logo-dollarcity.jpg",
      "name": "cemcfd",
      "local": "fef",
      "floor": "r4",
      "schedule": "tgtg",
      "website": "r45"
    }
  ]
}